Adams,Allen,Anderson,Bailey,Baker,Barnes,Bell,Bennett,Brooks,Brown,Butler,Campbell,Carter,Clark,Collins,Cook,Cooper,Cox,Cruz,Davis,Diaz,Edwards,Evans,Fisher,Flores,Foster,Garcia,Gomez,Gonzalez,Gray,Green,Gutierrez,Hall,Harris,Hernandez,Hill,Howard,Hughes,Jackson,James,Jenkins,Johnson,Jones,Kelly,King,Lee,Lewis,Long,Lopez,Martin,Martinez,Miller,Mitchell,Moore,Morales,Morgan,Morris,Murphy,Myers,Nelson,Nguyen,Ortiz,Parker,Perez,Perry,Peterson,Phillips,Powell,Price,Ramirez,Reed,Reyes,Richardson,Rivera,Roberts,Robinson,Rodriguez,Rogers,Ross,Russell,Sanchez,Sanders,Scott,Smith,Stewart,Sullivan,Taylor,Thomas,Thompson,Torres,Turner,Walker,Ward,Watson,White,Williams,Wilson,Wood,Wright,Young
,,,,,,,,,,1,,,,,,,,,,,,,1,,1,,,,,,,,,,,,,1,,,,,,,,,,,,,,1,,,,,,,,,,,,,1,,,1,,,,,,,,,,,,,1,,,,,,1,,,,,,,,,,1,,
,,,,,,1,,,,,1,,,,,,1,,,,,,1,,,,,,,,,,,,,,,1,,,,,,,,,,,1,,,1,,,,,,,,,,,,,1,,,,,,,,,,,1,,,,,,,1,,,,,,,,,,,,,,,,
,,,,,,,,1,,,,,,,,,,,,,,,,,,,,,,,,,,,,,,,,,,,,,1,,1,,,,,,,,,,,,1,,,,,,,,,,,,,1,,,,,1,,,,,,,,,,,,,,,,,,,,,,
,,,,,,,,,,1,,,1,,,1,,,,,,,,,,,,,,,,,1,,,,,,,,,,,,1,,,,,,,,,,,,,,1,,,,,,,,,,,,,,,,,,,,,1,1,,,,,,1,,,1,,1,,,,,,1,
,,,,,,,,,,,,,,,,,,,,,,,,,,,,,,,,,,,,,,,,,,,,,,,,,,,,,,,,,,,,,,,,,,,1,,,1,,,,,,,,,,1,1,,,,,,,,,,,,,,,,,,
,,,,,,,,,,,,,,,,,,,,,,,,,,,,,,,1,,1,,,,,,,,,,1,,1,,,,,,1,,,1,,,,,,,,,,,,,,,,,,1,,,,,,,,,1,1,,,,,,,,1,,,,,,,,1,1
,,,1,1,,,,,1,,,1,,,,,,,,1,,,,,,,,,,1,,,1,,,,1,,1,,,,,1,,1,1,,,,,,,1,,,1,,,,,,,,,,,,,,,,1,,1,,1,,,,,,,,,1,,,,,,,1,,,,,,
,,,,,,,1,1,,,,,,,,,,,,1,1,,,,,,,,,,1,,,,1,,1,,1,,,1,,,,1,,,,,,,,1,1,,,,1,,1,,,1,,,,,,,,,,,,,1,,,,,,,1,1,,,,1,,,,,,,1,,,
,1,,,,,,,,,,,,,,,,,,,,,,,,1,,,1,,,,,,,,,,,,,,,,,,,,1,,,,,,,,,,,,,,,,,,,,,1,,1,,,,,,,,,,1,,,,,,1,1,,,,,,,,,,,1
,,,,1,1,,,,,,,,,,,,,,,,,,,,,,,,,,1,,,,,,,,,,,,,,,,1,,,,1,,,,,,,,,,,,,,1,,,,,,,,,,,,,,,,,,,,,,,,,,,,,,,,1,,
,,,,,,,,1,,,,,1,1,,,,,,,,,1,,,,1,,,,,1,,,,1,,1,,,,,,,,,,1,1,,,,,,,,,,,,,1,,,,,,,,,,,,,,,,,,,1,,,,,,1,,,,,,,,,,,,
,,,,,,,,,,,,,,,,,,,1,,,,,,,,,,1,,,,,,,1,,,,,,,,,,,,,,1,,,,,,,1,,,,,,,,,,,,,,,,,,,,,,,,,,,,,,,,,,,,,,,,,,
,,,,,,,,,,,,1,,,,,,,,,,,,,,,,,,,,,,,1,,1,,1,,,,,1,,,,,,,,,,,,,,,,,,,,,,,,,,,,,,,,,,,,,,,,,1,,,,,,,,,,,,,,
,,,,,,,,,,,,,,,,,,,,,,,,,1,1,,,,,,,,,,,,,,,,,,,,,,,,,1,,,,,,,,,,,,,,,,,,,1,,,,,,,,,,1,,1,,,,,1,,,,,,,1,,,1,,
,,,,,,,,,,,,,,,,,,,,,,,,,,1,,,,,,,,,,,,1,,,,,,,,,,1,,,1,,,,,,,,,,,,,,,,,,,,,,,,,,,,,1,,,,,,,,,,,,,,,,,,,1
,,,,,,,,,,,,,,,,1,,,,,,,,,,,,,1,,,,,,,,,,,,,,,,,,,1,,,,,,,,,,,,,,1,,,,,,,,,,,,,,,,,,,,,,,,,,1,,,,,,,,,,,
,,,,,,1,,,,,,,,,,,1,,,,,,,1,,,,,,,,,,,,,,,,,1,,,,,,,,,,,,1,,,1,,,,,,,,,,1,,,,,,,,,,,,,,,,,,,,,,,,,,,,,,,,,
1,,,,,,,,,,,,,,,,,,,,,,,,,,,,,,,1,,,,1,,,,1,,,,,1,,,,,,,,,,,,,,1,,,,,1,1,,,,,,,,,1,,,,,1,,,,,,,1,1,,,,,1,,,,1,,,,
,,,,1,,,,,,,,,,,,,,,,,,,,,,,,,,,,,1,,,,,,,,,,,,,,,,,,,,,1,,,,,,1,,,,,,,,,,,,,,,,,1,,,,,,,,,,,,,,,,,,,,,,
,,,,,,,,,,,,,,,,1,,,,,,,,,,,1,,,,,,,,,,,,,,,,1,,,,,,,,,,,,,,,,,,,1,,,,,,,,,,,,,,,,,,1,1,,,,,,,,,,,,,,,,,,
,,,,,1,,,,,,,,,,,,,,,,,,,,,,,,,,,,,,,,,,,,,,,,,,,,,,,,,,,,,,,,,,,,,,,,,,,,,,,,1,1,,,,,,,,,,,,,,,,,,,,1,
,,,,,1,,,1,,1,,,,,,,,,1,,,1,1,,1,,,,,,,1,1,,,1,,1,,,,,,,1,,,,,,1,,,1,,,,,,,,,,,,,,1,,,,1,,,,,1,,,1,,,,,,,,,,,,,,1,1,,,,1
,,,,,,,,,,,,,,,,,,,,,,,,,1,,,,,,,,,,,,,,,,,,,,,,,,,,1,,,,,,,,,,,,,,1,,,,,,1,,,,,,,,,,,1,,,,,,,,,,,,,,,,,
,,1,,,,1,,,,,1,,,,1,,1,,,,,,,1,,,,,,,,,,,,,,,,1,1,,,,,,,,,,,,1,,,1,,,,,,,,,,1,,,,,,,,,,,,,,,,,1,,,,,,,,,,,,,,,,
,,,,,,,,,,,,,,,,,,,1,,,,,,,,1,,,,,,,,,,,,,,,,,,,,,,,1,,,,,,,,,,,,,,,,,,,,,,,,,,,,,,,1,,,,,,,1,,,,,,1,,,,,
,,1,,,,1,,,,,1,,,,1,,1,,,,,,,,,,,,1,,,,,,,,,,,1,1,,,,,,,,,,,,,,,1,,,,,,,,,1,,,,,,,,,,,1,,,1,1,1,,,,,,1,,,,,,,,,,,,
,1,,,,,,,,,,,,,,,,,,,,1,1,,,,,,,,,,,1,,,,,,,,,,,,1,,,1,,,,,,,,,,,,,,,,,1,,,,,,,,,,,,,,,,,,,,,,,,,1,,,,,,,,1,
,,,,,,,,,,1,,,1,,,,,,,,,,1,,,,,,,,,,,1,,,,,,,,,,,,,,,1,1,,,,,,,,,,,,,,,,,,,,,,,,,,,,,,,,,,,,,,,,,,,,,,,,,
1,,,,,,,1,,1,,,1,,,,,,1,,1,,,,,,,,,,,,,,1,,,1,,,,,,,1,,,,,,,,,,,1,,,,,,,1,,1,,,,,,,,,,,1,,,,,,,,,1,,1,,,,,1,,1,,,,,,
1,,,1,,,,,,1,1,,1,,1,,,,1,,1,,,1,,,,,,,,,,,,1,,1,,1,,,,,,,1,,,,,,,,,,,,1,,,,,1,1,,,,1,,,,,,,,,,,,,,,,1,,1,,1,,,,,,1,,1,,,
,,,,1,1,,,,,,,,1,,,,,,,,,,1,,,,,1,,,,,,,,,,,,,,,1,,,,,,,,1,,,1,,,,,1,1,,1,,,,,,1,,,,,,1,,,,,,,,,,,,,,,,1,,,,,1,,1,,1
,,,,,,,,,,,,,,,,1,,,,,,,,,,,1,,,,,,,,,,,,,,,,1,,,,,,,,,,,,,,,,,,,,,,,,,,,,,,,,,,,,,,,,,,,,,,,,,,,,,,,,1
